0, AF, AG, AH,,
1, AD, BH, BJ,,
2, AD, AI, AY, BG,
3, AY,,,,
4, AE, AF, AG,,
5, AD,,,,
6, AD,,,,
7, AE,,,,
8, AB,,,,
9, AF, AH, AI,,
10, AI,,,,
11, AD,,,,
12, AZ, BB, BC,,
13, AF, AI,,,
14, AF,,,,
15, AF, AH, AI,,
16, AT, AU,,,
17, AW,,,,
18, AQ, AR, AV,,
19, AW, AY, BJ,,
20, AU,,,,
21, AJ, AZ,,,
22, AT, AU, AY,,
23, AR,,,,
24, AL, AM, AZ,,
25, AT,,,,
26, AD, AE, BJ,,
27, AF, AG, AI,,
28, AD, AI,,,
29, AG, AU,,,
30, AG, AI,,,
31, AD, AT,,,
32, AD, AE,,,
33, AE,,,,
34, BH, BJ,,,
35, AT, BH, BJ,,
36, AT, AZ,,,
37, AT,,,,
38, AB,,,,
39, AF, AH,,,
40, AT, AU, BF, BH,
41, BB,,,,
42, AT, AU,,,
43, AW,,,,
44, AP, AR, AX, BI,
45, AR, AX,,,
46, AH, AI, AU,,
47, AD, AE,,,
48, BH,,,,
49, AT,,,,
50, AT, AV, AX, AY,
51, AN, BB,,,
52, AD, AG, AI,,
53, AF,,,,
54, AK,,,,
55, AF,,,,
56, BE, BI,,,
57, AD, AE, AT, AU,
58, AD, BB,,,
59, AQ, AR, AV, AX,
60, AD,,,,
61, AE,,,,
62, AQ, AR,,,
63, AJ, AK, AM, AO,
64, BJ,,,,
65, AV,,,,
66, AG, AH, AU,,
67, AD,,,,
68, AT, BJ,,,
69, AV, AW, AX,,
70, AE, AF, AG,,
71, AA,,,,
72, AD, AE, AT,,
73, AF, AG, AI,,
74, AD, AU,,,
75, AD, AE,,,
76, AM,,,,
77, AT, AU,,,
78, AF, AH, AI,,
79, AX, AY, BJ,,
80, AE, AT, BJ,,
81, AH, AT, AU, AW,
82, AV, AY,,,
83, AT, BE, BH,,
84, AD,,,,
85, AD, AT,,,
86, AD, AH, AI,,
87, AD, AE, AV,,
88, AX, BJ,,,
89, AD, AE,,,
90, AU,,,,
91, AD, AI, AT, AU,
92, BF, BK,,,
93, BF,,,,
94, AQ, AR, AV, AX,
95, AD, BG,,,
96, AD,,,,
97, AD,,,,
98, AF, AG, AI,,
99, AZ, BA, BD,,
100, BE, BH, BJ,,
101, AF, AG, AI, AX,
102, AD,,,,
103, AD,,,,
104, AD, AE, AT,,
105, AE, AH, AW,,
106, AI,,,,
107, AE, AG, AH, AT,
108, AE, AW, AY, BI,
109, AH,,,,
110, AE, AT, AZ,,
111, AT, AZ,,,
112, AD,,,,
113, AD,,,,
114, AJ,,,,
115, AB, AR,,,
116, AD, BC,,,
117, AD,,,,
118, AT, AV, AX, AY,
119, AT, AU, BK,,
120, AU,,,,
121, AE, AH, AX,,
122, AV, AW, AX, AY,
123, AG, AI,,,
124, AH,,,,
125, AT,,,,
126, AF, AI, AV,,
127, AD,,,,
128, AH,,,,
129, BJ,,,,
130, BH,,,,
131, AK, AO, BB, BH,
132, AU,,,,
133, BF,,,,
134, AH, AU, AY,,
135, BD,,,,
136, BB,,,,
137, AD,,,,
138, AZ,,,,
139, AG,,,,
140, AD,,,,
141, BF,,,,
142, AD, AG, AI, AX,
143, AD, AE, AT, AU,
144, BI,,,,
145, AD, AG, AH,,
146, AD, AI,,,
147, AD, BG,,,
148, AG, AL,,,
149, AU,,,,
150, AD,,,,
151, AT, AU, BB, BG,
152, AT, AU,,,
153, AD,,,,
154, BF,,,,
155, AE, AT, AZ, BA,
156, AV, AW, AY,,
157, AE, AG, AH,,
158, AG, AH, BG,,
159, AE, AG, AX, BG,
160, AR,,,,
161, AF, AG, AI,,
162, AT,,,,
163, AU,,,,
164, AH, AI,,,
165, AB, AH, AI,,
166, AU,,,,
167, AU, BB,,,
168, AU,,,,
169, AD, AF, AU, AX,
170, BF, BH, BJ,,
171, AE, AT,,,
172, AT, AU,,,
173, AH, AI, AV,,
174, AD, AE, BC,,
175, AD, BJ,,,
176, AD, AF, AU,,
177, AH, AI,,,
178, AQ, AV, AX, BI,
179, AD, AH, AI,,
180, AZ,,,,
181, AD, AE, AT, AZ,
182, AL, AM, AN,,
183, AE, AG, AH,,
184, AT, BH, BI,,
185, AD, AE, AH, AY,
186, AD, AE, AV, BI,
187, AE, AH,,,
188, AU,,,,
189, AB, AH,,,
190, AB, AH, AI,,
191, AQ, AR,,,
192, BF, BH, BJ,,
193, AT,,,,
194, AB, AH,,,
195, AD, AU,,,
196, AH, AI,,,
197, BJ,,,,
198, AF, AG, AH, AI,
199, AR,,,,
200, BB,,,,
201, AV, AW,,,
202, AU,,,,
203, AD,,,,
204, AR, BE,,,
205, AR, AV, AX,,
206, AB, AH,,,
207, AB, AH,,,
208, BB, BG,,,
209, AD, AU,,,
210, BF, BH,,,
211, AD, AE, AY,,
212, AD, AW,,,
213, BE, BH, BI,,
214, AG, AH, AV,,
215, AD, AG, AH,,
216, AD, AE, AH,,
217, AE, AG, AW,,
218, AE,,,,
219, AG, AW, AX,,
220, AD, BH,,,
221, AU,,,,
222, AF, AG, BG,,
223, AD,,,,
224, AR,,,,
225, AU,,,,
226, AU,,,,
227, BF, BI,,,
228, AB, AH,,,
229, AF, AH, AI,,
230, AG,,,,
231, AD, AE, AH,,
232, AB, AH,,,
233, AQ, AR,,,
234, BH,,,,
235, AQ, AR, AV, AX,
236, AU,,,,
237, BF,,,,
238, BJ,,,,
239, AT, BB, BH,,
240, AU,,,,
241, AD, AF, AI,,
242, BF, BH, BI,,
243, AB, AH, AI,,
244, AX, BE, BI,,
245, AT,,,,
246, AD,,,,
247, AT, AU, BD, BH,
248, AZ,,,,
249, BE,,,,
250, BE, BI,,,
251, AB, AH,,,
252, AF, AH, AI,,
253, AB, AH,,,
254, AB, AH,,,
255, BE,,,,
256, AU,,,,
257, AB, AX,,,
258, AH, AX, AY,,
259, AD, AE, AT, BG,
260, AH, AR, AX,,
261, AD, AF, AI,,
262, AT, BH, BJ,,
263, AD,,,,
264, AU,,,,
265, BG, BH,,,
266, AT, AU, AV, AY,
267, AV, AW, AZ,,
268, AU, BG, BH, BI,
269, AT, AV, AW, AY,
270, AD, AU,,,
271, BH,,,,
272, AD, AK, AU,,
273, AD,,,,
274, AD,,,,
275, AB, AH, AI,,
276, AD, AE, AH, AT, AV
277, AI, AY, AZ, BA,
278, AD,,,,
279, AD, AE, AF, AH, AU
280, AD, AE,,,
281, AB, AH,,,
282, AT,,,,
283, AT, AU, AX, AY,
284, AD, AE, AU,,
285, AF, AT, AU,,
286, AD, AE,,,
287, AF, AG, AH, AI,
288, AE, BB,,,
289, BK,,,,
290, BF, BJ, BK,,
291, AF, AG, BA,,
292, AT, BH, BJ,,
293, AE, AW, BD,,
294, BE, BI,,,
295, AU,,,,
296, AT, AU, AX, BG,
297, BH, BJ, BK,,
298, BE, BH, BI,,
299, AQ, AV, AX,,
300, AT, AU, BH, BI,
301, AF, AH, AI,,
302, AD, AE,,,
303, AE, AG, AH, AI,
304, AZ, BH,,,
305, AG, AI, AU,,
306, AD, AE, AG, AH, AY
307, AU,,,,
308, AT, AU, BH, BJ,
309, AU,,,,
310, AD, AE, BB, BD,
311, AF, AG, AH, AI,
312, AT, AV, AW, AY,
313, BF, BI, BK,,
314, AD, BJ,,,
315, AB, AH,,,
316, AB, AH, AR,,
317, AU, AW,,,
318, AT, BH, BJ,,
319, AD, AT, BH,,
320, BB,,,,
321, AD,,,,
322, AV, BJ, BK,,
323, AU,,,,
324, AG, AI,,,
325, AF, AG, AX, AY,
326, AU,,,,
327, AD, AF, AI,,
328, AU,,,,
329, AD, AI,,,
330, AD,,,,
331, AU,,,,
332, AD, AE, AT, AU,
333, AQ, AR, AV, AX,
334, AD,,,,
335, BB,,,,
336, BJ,,,,
337, AD,,,,
338, AG,,,,
339, BH,,,,
340, AD, AG,,,
341, AQ,,,,
342, AF, BJ,,,
343, BH,,,,
344, BF,,,,
345, AT, AU, BJ,,
346, AD, AE,,,
347, AU,,,,
348, AF, AH, BK,,
349, AE, AF, AG, AX,
350, AU,,,,
351, AQ, AR, AV, AX,
352, AD, AE, AH, AI,
353, AT, AV, BE, BJ,
354, AD, AF, AG, AH,
355, AD,,,,
356, AT, AU, BH,,
357, AF, AG, AX,,
358, AU,,,,
359, AT, BH, BJ,,
360, AH, AI,,,
361, AD, AT,,,
362, AD, AT, BH,,
363, AD, AT, BH,,
364, AT, AU, AX, AY,
365, AD, AH, AI, AU,
366, AT, AU, AW, BK,
367, AB, AQ,,,
368, BF, BH, BK,,
369, AB, AH,,,
370, BJ,,,,
371, BF, BH,,,
372, AD, AU,,,
373, AT, AW, AY, BK,
374, AT,,,,
375, AW, AY, BI,,
376, AI,,,,
377, AT, AU, AV, AY, BK
378, AF, AG, AH, AI,
379, AD,,,,
380, AD,,,,
381, AD, AE, AU,,
382, AD,,,,
383, AT, AU, AZ,,
384, AE, AT, AU,,
385, AD, AG, AH, AZ,
386, AT, AU, BD,,
387, AV, AW, AY,,
388, BE,,,,
389, AU,,,,
390, AT, AW, AY, BJ,
391, BE, BG, BH,,
392, AV, AX, AY,,
393, AE, AF, AG, BK,
394, BC,,,,
395, AR,,,,
396, BG, BH, BI,,
397, BA, BC, BF,,
398, AU,,,,
399, AU,,,,
400, AD,,,,
401, AD,,,,
402, AD, AH, AI, BG,
403, AD, AU,,,
404, AD, AY,,,
405, BE, BH, BI,,
406, AD,,,,
407, AD,,,,
408, AI,,,,
409, AR,,,,
410, BE, BI, BK,,
411, AI, AX, BK,,
412, AT, AV, AX, AY,
413, AV, AW, AX, AY,
414, AQ, AR,,,
415, AQ, AR, AV, AX,
416, BF, BH, BI,,
417, BJ,,,,
418, BF, BH, BI,,
419, AF, AG, AH, AI,
420, AD, AU,,,
421, AT, AW, AX, AY,
422, AX, AY, AZ, BA,
423, BF,,,,
424, AE, AG, AU, AV, AX
425, AT,,,,
426, AT, AW, BF,,
427, AD, AH, AU,,
428, AH, AU, BJ,,
429, BG,,,,
430, AF, AG, AX,,
431, BJ, BK,,,
432, AU,,,,
433, AE,,,,
434, AB, AH,,,
435, BE, BH, BI,,
436, AU,,,,
437, AT, AU, BD,,
438, AQ, AR,,,
439, BF,,,,
440, AU,,,,
441, BF, BI, BK,,
442, AR, AV, BE,,
443, AD, AH, AI,,
444, AD,,,,
445, AF, AI, AX,,
446, AU,,,,
447, AQ, AR, AV, AX,
448, AD, AU,,,
449, AR,,,,
450, AT, AU, AX, AY,
451, AU,,,,
452, BE,,,,
453, AY,,,,
454, AT, AV, AX, AY,
455, AH, AI, AT, AU, AW
456, AH, AT, AU, AW,
457, AE, AT, AV, BJ,
458, AF, AG, AX, AY,
459, AU,,,,
460, AH, AI, AV,,
461, AY,,,,
462, AE, AT, AW, AY,
463, AD, AT,,,
464, BF,,,,
465, AV, AY, BI,,
466, AQ, AR, AV, AX,
467, AY, BF, BJ,,
468, AQ, AR, AV, AY,
469, BF,,,,
470, AU,,,,
471, AU, BH, BJ,,
472, AU, BH, BK,,
473, AQ, AR, AV, AX,
474, AT,,,,
475, AQ, AR,,,
476, AQ, AR,,,
477, AQ, AR,,,
478, AQ, AR, AV, AX,
479, AQ, BI,,,
480, AE, AT, AU, BB,
481, BF, BH, BJ,,
482, AQ, AR, AV, AY,
483, BE, BI,,,
484, AT, BH, BJ,,
485, BK,,,,
486, AQ, AR,,,
487, AR, BE,,,
488, AF, AH, AI, AX,
489, AT,,,,
490, BJ,,,,
491, AD, AU,,,
492, AF, AG, AH, AI,
493, AQ, AR, AV, AY,
494, AH, AI, AT, AW,
495, BG, BH,,,
496, AR,,,,
497, AQ, AR, AV, AX,
498, BJ, BK,,,
499, BF,,,,
500, AD, AT, AV, AY,
501, BF,,,,
502, AT, AV, AX,,
503, BG, BH, BK,,
504, BK,,,,
505, AQ, AR, BH,,
506, AT, AU, AX, BI,
507, AN, BC,,,
508, AT, AZ, BA,,
509, AQ, AR, BH,,
510, AR,,,,
511, BH,,,,
512, AQ, AR, AV, AX,
513, AQ, AR, AV, AY,
514, BE, BI,,,
515, AT,,,,
516, AE, AT, AV, AY,
517, BF, BH, BJ, BK,
518, AR, BE,,,
519, BH,,,,
520, BB,,,,
521, AQ, BH, BI,,
522, AR,,,,
523, AT, AU, BD,,
524, AT, AX, BE,,
525, BF,,,,
526, AR,,,,
527, AU,,,,
528, AR,,,,
529, AV, AX, AY, BF,
530, AT, AU, AW, BJ,
531, AD, AF, AG,,
532, AD,,,,
533, AU,,,,
534, AD, AE, AH, AY,
535, AT, AU, BH,,
536, AU,,,,
537, AD, BH, BJ,,
538, AT, AU, AY,,
539, AT,,,,
540, AQ, AR,,,
541, BE,,,,
542, BI,,,,
543, AQ, AR, AV, AX,
544, BE, BI,,,
545, BE,,,,
546, AT, AV, AW, AY,
547, AF, AG, AH, AI,
548, BF,,,,
549, AT, AV, AW, AX,
550, AU,,,,
551, BE, BH, BJ,,
552, AT,,,,
553, AQ, AR,,,
554, AQ, AR, AV, AY,
555, AD, AU,,,
556, AT,,,,
557, BF, BH, BK,,
558, AQ, AR, AV, AX,
559, AG, AH, AV,,
560, BE, BH, BI,,
561, AB, AH,,,
562, BE, BF,,,
563, AQ, AR, AV, AY,
564, AT, AU, AV, AX,
565, BE,,,,
566, AD, AT,,,
567, AF, AG, AX,,
568, AU,,,,
569, AT, AU,,,
570, AZ, BH,,,
571, BE, BF, BI,,
572, BF, BH, BJ,,
573, BF, BH, BJ,,
574, AD, AV, AX,,
575, AD, AH, BG,,
576, AU,,,,
577, BE,,,,
578, BE, BH, BI,,
579, AQ, AR, BH,,
580, AR,,,,
581, AX, BE, BI,,
582, AE, AT, AU,,
583, AR,,,,
584, AR, AV, BE,,
585, AY,,,,
586, AE, AU,,,
587, AT, AU, BJ,,
588, BJ,,,,
589, AG, AH, AV,,
590, AZ, BG, BH,,
591, BF, BH, BJ,,
592, AV, AX, AY, BF,
593, AT, AU, AW, AY,
594, BE, BF, BI,,
595, AE,,,,
596, AB, AH, AI,,
597, AU,,,,
598, AT,,,,
599, BF,,,,
600, BJ,,,,
601, BG, BI, BK,,
602, AT, AU, BJ,,
603, AU, AX, AY, BE,
604, AQ, AR, AV, AX,
605, BE, BH, BI,,
606, AT, AU, AX, AY,
607, AT, AU, BH, BI,
608, AT, AU, AX, AY,
609, BF, BH,,,
610, AQ, AR,,,
611, AQ, AR, AV, AX,
612, AE, AF, AG, AI, BA
613, AQ, AR, AV, AX,
614, BK,,,,
615, AT, AU,,,
616, BF,,,,
617, AF, AG, AH, AI,
618, BB,,,,
619, AZ, BH,,,
620, AT, AU, AV, AW,
621, AQ, AR, AV, AY,
622, AT, BH, BJ,,
623, AF, AI, AX, AY,
624, AD,,,,
625, AT, AU, BB, BH, BI
626, AQ, AR, AV, AX,
627, AD, AE, AH, AI, AU
628, AZ, BA, BB, BC,
629, AF, AX, AY,,
630, AQ, AR, AV, AX,
631, BI,,,,
632, AT, AW, AZ, BA,
633, AR,,,,
634, BG,,,,
635, BE, BH, BI,,
636, BE, BF,,,
637, BE, BH, BI,,
638, BE,,,,
639, BE,,,,
640, BE, BH, BI,,
641, BE,,,,
642, AT, AW, BE,,
643, BE, BH, BI,,
644, BE,,,,
645, BE, BH, BI,,
646, BJ,,,,
647, AT, AV, AX,,
648, AZ, BA,,,
649, BF,,,,
650, BF, BH, BI,,
651, BF, BH,,,
652, AV, AW, AX, AY,
653, BE,,,,
654, BE, BH, BI,,
655, AT, AU, BH,,
656, AD, AE, AT,,
657, AT, AU,,,
658, BE, BH, BI,,
659, BF,,,,
660, AT, AU, AW, AY,
661, BF, BH, BJ,,
662, BE, BH, BI,,
663, BF, BI,,,
664, BE, BH, BI,,
665, BE, BH, BI,,
666, BE, BH, BI,,
667, BF, BH, BJ,,
668, BF, BH, BJ,,
669, BF,,,,
670, AH, AV, AW, AY,
671, AB, AH,,,
672, BE, BH, BI,,
673, BF,,,,
674, BG, BI,,,
675, AW, AY, BI,,
676, BH, BK,,,
677, BH, BJ,,,
678, BE,,,,
679, BK,,,,
680, AM,,,,
681, BI,,,,
682, BG, BH, BJ,,
683, BE, BI,,,
684, BF,,,,
685, BE,,,,
686, BF,,,,
687, BF,,,,
688, BF,,,,
689, BE, BH, BI,,
690, BJ, BK,,,
691, BE, BH, BJ,,
692, BE,,,,
693, BE, BH, BI,,
694, BE, BH, BI,,
695, BE, BH, BI,,
696, BE,,,,
697, BE, BI,,,
698, BE, BH, BI,,
699, BE, BH, BI,,
700, BE, BF, BH,,
701, BE, BH, BI,,
702, AR,,,,
703, BF,,,,
704, BE,,,,
705, BK,,,,
706, BF,,,,
707, BF, BH, BK,,
708, BE, BH, BI,,
709, BE,,,,
710, BH,,,,
711, BE, BH, BI,,
712, BE, BH, BI,,
713, BG, BH, BJ,,
714, BE, BH, BI,,
715, BE, BH, BI,,
716, BE, BH, BI,,
717, BF, BH, BJ,,
718, BE,,,,
719, AQ, AR, AV, AX,
720, BK,,,,
721, BE, BH, BI,,
722, BE, BH, BI,,
723, BE, BH, BI,,
724, AZ, BF, BK,,
725, BG, BH, BJ,,
726, BE, BH, BI,,
727, BE, BH, BI,,
728, BF, BH, BJ,,
729, BF, BH, BI,,
730, BE, BH, BI,,
731, BE, BH, BI,,
732, BE, BH, BI,,
733, BE,,,,
734, BE, BH, BI,,
735, AD, AE, AT,,
736, BF,,,,
737, AQ, AR, AV, AY,
738, BE, BF, BH,,
739, BE,,,,
740, BF,,,,
741, BF,,,,
742, BE, BH, BI,,
743, BE, BF, BH,,
744, BE, BH, BI,,
745, BF, BH,,,
746, BE, BH, BI,,
747, AD, AT, AU,,
748, BF, BI, BK,,
749, AV, AW, AX, AY,
750, BG, BH,,,
751, BJ,,,,
752, BE, BH, BI,,
753, BE, BH, BI,,
754, BE, BH, BI,,
755, BE, BH, BI,,
756, BF, BH,,,
757, BE, BH, BI,,
758, BE, BH, BI,,
759, AT, AU, BH, BK,
760, BF, BH, BI,,
761, BE,,,,
762, BE, BJ,,,
763, BE, BH, BI,,
764, BE, BH, BI,,
765, BG, BH,,,
766, BG, BH,,,
767, BE, BH, BI,,
768, BF, BH,,,
769, BE, BH, BI,,
770, BE, BH, BI,,
771, BE,,,,
772, BF, BH,,,
773, BE, BH, BI,,
774, AD, AE, AT,,
775, BF,,,,
776, AD, AE, AT,,
777, BF, BH, BJ,,
778, BF, BH, BJ,,
779, BE, BH, BI,,
780, BK,,,,
781, BF, BH,,,
782, BF, BH, BJ,,
783, AE, AV, AW, AY,
784, BF,,,,
785, BE,,,,
786, AT, AU, BH,,
787, BF, BH, BJ,,
788, BJ,,,,
789, BF, BH, BK,,
790, BH,,,,
791, BK,,,,
792, BF,,,,
793, BH, BJ,,,
794, BF, BH, BJ,,
795, BE, BH,,,
796, BE, BH, BI,,
797, BE, BH, BI,,
798, AB,,,,
799, BE, BH, BI,,
800, BF, BJ,,,
801, BE, BH, BI,,
802, BF, BH, BJ,,
803, BE, BH, BI,,
804, BF, BH, BJ,,
805, BE,,,,
806, BE, BH, BI,,
807, AH, AV, AW, AY,
808, BF, BG,,,
809, BH,,,,
810, BF, BH,,,
811, BE, BH, BI,,
812, BE, BH, BI,,
813, BE, BH, BI,,
814, BF,,,,
815, BF, BH, BI,,
816, BE, BH, BI,,
817, BF,,,,
818, BF,,,,
819, BE, BI,,,
820, AQ, AR, AX,,
821, AD, AE, AT,,
822, BE, BH, BI,,
823, AT,,,,
824, BF,,,,
825, AT, BH,,,
826, BE,,,,
827, BB,,,,
828, AF,,,,
829, AF, AH, AI,,
830, BI,,,,
831, BJ,,,,
832, AZ, BA,,,
833, AD,,,,
834, AB, AH, AV,,
835, AE, AU,,,
836, AT,,,,
837, AD, AT, AU, BD,
838, AZ,,,,
839, AF, AI,,,
840, AU,,,,
841, AE, BG,,,
842, AF, AG, AX,,
843, AD,,,,
844, AD, AN, BB,,
845, AF, AT, AY,,
846, AD, BH,,,
847, AI,,,,
848, AD, AE, AG, AI,
849, AD, AV,,,
850, BJ,,,,
851, AD,,,,
852, AU,,,,
853, BB,,,,
854, AH, AI,,,
855, AF, AV,,,
856, AT, AU,,,
857, AD, AE, AV, AX,
858, AT, BJ,,,
859, BE,,,,
860, AD, AF, AG, AI, BA
861, BJ,,,,
862, AD, AE,,,
863, AE,,,,
864, AT, BK,,,
865, AE, AT, AU,,
866, AG, AI,,,
867, AG, AH, AI,,
868, AR,,,,
869, BF, BH, BI,,
870, AD, BK,,,
871, AF, AG, AI,,
872, BB, BC,,,
873, AT, AU,,,
874, AF, AG, AZ, BA,
875, AI,,,,
876, AH, AI,,,
877, BE,,,,
878, AI, AX, BJ, BK,
879, AD, AE, AY,,